registration_id,patient_id,reg_dt,unit_id,gender_id,source,created_at,modified_at
1027,5882,2025-04-05 11:00:00,10,2,walkin,2025-04-05 11:00:00,2026-01-04 12:32:00
1028,5769,2025-07-13 14:59:00,12,2,online,2025-07-13 14:59:00,2026-01-04 12:32:00
3001,6002,2026-01-04 12:32:00,13,3,online,2026-01-04 12:32:00,2026-01-04 12:32:00
3002,6003,2026-01-04 12:32:00,12,3,walkin,2026-01-04 12:32:00,2026-01-04 12:32:00
3003,6004,2026-01-04 12:32:00,10,1,referral,2026-01-04 12:32:00,2026-01-04 12:32:00
3004,6005,2026-01-04 12:32:00,14,3,walkin,2026-01-04 12:32:00,2026-01-04 12:32:00
3005,6006,2026-01-04 12:32:00,13,2,mobile_app,2026-01-04 12:32:00,2026-01-04 12:32:00
3006,6007,2026-01-04 12:32:00,10,3,walkin,2026-01-04 12:32:00,2026-01-04 12:32:00
3007,6008,2026-01-04 12:32:00,14,1,online,2026-01-04 12:32:00,2026-01-04 12:32:00
3008,6009,2026-01-04 12:32:00,12,1,referral,2026-01-04 12:32:00,2026-01-04 12:32:00
3009,6010,2026-01-04 12:32:00,12,2,referral,2026-01-04 12:32:00,2026-01-04 12:32:00
3010,6011,2026-01-04 12:32:00,13,3,online,2026-01-04 12:32:00,2026-01-04 12:32:00
3011,6012,2026-01-04 12:32:00,10,1,referral,2026-01-04 12:32:00,2026-01-04 12:32:00
3012,6013,2026-01-04 12:32:00,10,1,referral,2026-01-04 12:32:00,2026-01-04 12:32:00
